<?xml version="1.0"?>
<SettingDataProcedure xmlns:xsi="http://www.w3.org/2001/XMLSchema-instance" xmlns:xsd="http://www.w3.org/2001/XMLSchema">
  <ProfileList>
    <ParameterProfile>
      <ID>4ae6d064-6469-4f72-81e3-21c852ae3ffc</ID>
      <Name>標準+各時間</Name>
      <ColumnList>
        <ParameterColumn>
          <ID>ex00001</ID>
          <Name>手続き名(詳細)</Name>
        </ParameterColumn>
        <ParameterColumn>
          <ID>03001</ID>
          <Name>工具名</Name>
        </ParameterColumn>
        <ParameterColumn>
          <ID>03031</ID>
          <Name>ｺｰﾅｰR</Name>
        </ParameterColumn>
        <ParameterColumn>
          <ID>03058</ID>
          <Name>ﾎﾙﾀﾞ番号</Name>
        </ParameterColumn>
        <ParameterColumn>
          <ID>30010</ID>
          <Name>最小有効長</Name>
        </ParameterColumn>
        <ParameterColumn>
          <ID>00013</ID>
          <Name>ﾀﾞｳﾝｽﾃｯﾌﾟ</Name>
        </ParameterColumn>
        <ParameterColumn>
          <ID>00026</ID>
          <Name>ｻｲﾄﾞｽﾃｯﾌﾟ</Name>
        </ParameterColumn>
        <ParameterColumn>
          <ID>03201</ID>
          <Name>送り(mm/分)</Name>
        </ParameterColumn>
        <ParameterColumn>
          <ID>03207</ID>
          <Name>主軸回転数</Name>
        </ParameterColumn>
        <ParameterColumn>
          <ID>00055</ID>
          <Name>加工面ｵﾌｾｯﾄ</Name>
        </ParameterColumn>
        <ParameterColumn>
          <ID>00057</ID>
          <Name>加工面公差</Name>
        </ParameterColumn>
        <ParameterColumn>
          <ID>30013</ID>
          <Name>最小Z</Name>
        </ParameterColumn>
        <ParameterColumn>
          <ID>30008</ID>
          <Name>手続きｺﾒﾝﾄ</Name>
        </ParameterColumn>
        <ParameterColumn>
          <ID>30021</ID>
          <Name>切削送り動作時間</Name>
        </ParameterColumn>
        <ParameterColumn>
          <ID>30020</ID>
          <Name>最大切削送り動作時間</Name>
        </ParameterColumn>
        <ParameterColumn>
          <ID>30019</ID>
          <Name>早送り動作時間</Name>
        </ParameterColumn>
      </ColumnList>
    </ParameterProfile>
    <ParameterProfile>
      <ID>3273d7cb-f66e-42fb-bb47-e3021376b5d5</ID>
      <Name>標準</Name>
      <ColumnList>
        <ParameterColumn>
          <ID>ex00001</ID>
          <Name>手続き名(詳細)</Name>
        </ParameterColumn>
        <ParameterColumn>
          <ID>03001</ID>
          <Name>工具名</Name>
        </ParameterColumn>
        <ParameterColumn>
          <ID>03031</ID>
          <Name>ｺｰﾅｰR</Name>
        </ParameterColumn>
        <ParameterColumn>
          <ID>03058</ID>
          <Name>ﾎﾙﾀﾞ番号</Name>
        </ParameterColumn>
        <ParameterColumn>
          <ID>30010</ID>
          <Name>最小有効長</Name>
        </ParameterColumn>
        <ParameterColumn>
          <ID>00013</ID>
          <Name>ﾀﾞｳﾝｽﾃｯﾌﾟ</Name>
        </ParameterColumn>
        <ParameterColumn>
          <ID>00026</ID>
          <Name>ｻｲﾄﾞｽﾃｯﾌﾟ</Name>
        </ParameterColumn>
        <ParameterColumn>
          <ID>03201</ID>
          <Name>送り(mm/分)</Name>
        </ParameterColumn>
        <ParameterColumn>
          <ID>03207</ID>
          <Name>主軸回転数</Name>
        </ParameterColumn>
        <ParameterColumn>
          <ID>00055</ID>
          <Name>加工面ｵﾌｾｯﾄ</Name>
        </ParameterColumn>
        <ParameterColumn>
          <ID>00057</ID>
          <Name>加工面公差</Name>
        </ParameterColumn>
        <ParameterColumn>
          <ID>30013</ID>
          <Name>最小Z</Name>
        </ParameterColumn>
        <ParameterColumn>
          <ID>30022</ID>
          <Name>合計加工時間</Name>
        </ParameterColumn>
        <ParameterColumn>
          <ID>30008</ID>
          <Name>手続きｺﾒﾝﾄ</Name>
        </ParameterColumn>
      </ColumnList>
    </ParameterProfile>
  </ProfileList>
</SettingDataProcedure>