<?xml version="1.0"?>
<SettingDataOutput xmlns:xsi="http://www.w3.org/2001/XMLSchema-instance" xmlns:xsd="http://www.w3.org/2001/XMLSchema">
  <OutputType>SameSheet</OutputType>
  <MergeCell>false</MergeCell>
  <OutputTotalMachiningTime>true</OutputTotalMachiningTime>
  <OutputProfileList>
    <OutputProfile>
      <Name>標準+各時間</Name>
      <TemplatePath>C:\Cimatron\Cimatron_Documents\Report-Format.xlsx</TemplatePath>
      <PictureSetting>
        <Output>true</Output>
        <SheetNumber>1</SheetNumber>
        <CellName1>B2</CellName1>
        <CellName2 />
        <OutputRowCount1>0</OutputRowCount1>
      </PictureSetting>
      <ProviderInfoSetting>
        <Output>false</Output>
        <SheetNumber>1</SheetNumber>
        <CellName1>I21</CellName1>
        <CellName2 />
        <OutputRowCount1>0</OutputRowCount1>
      </ProviderInfoSetting>
      <ProcedureParameterSetting>
        <Output>true</Output>
        <SheetNumber>1</SheetNumber>
        <CellName1>A31</CellName1>
        <CellName2 />
        <OutputRowCount1>0</OutputRowCount1>
      </ProcedureParameterSetting>
      <ToolParameterSetting>
        <Output>false</Output>
        <SheetNumber>1</SheetNumber>
        <CellName1 />
        <CellName2 />
        <OutputRowCount1>0</OutputRowCount1>
      </ToolParameterSetting>
      <ProjectInfoSetting>
        <OutPutCommon>false</OutPutCommon>
        <SheetNumberCommon>1</SheetNumberCommon>
        <CellNameCommon />
        <Output>true</Output>
        <ProjectInfoList>
          <ProjectInfoSetting>
            <ValueType>FilePath</ValueType>
            <Value />
            <SheetNumber>1</SheetNumber>
            <CellName>J21</CellName>
          </ProjectInfoSetting>
          <ProjectInfoSetting>
            <ValueType>FileName</ValueType>
            <Value />
            <SheetNumber>1</SheetNumber>
            <CellName>J22</CellName>
          </ProjectInfoSetting>
          <ProjectInfoSetting>
            <ValueType>Date</ValueType>
            <Value />
            <SheetNumber>1</SheetNumber>
            <CellName>J23</CellName>
          </ProjectInfoSetting>
          <ProjectInfoSetting>
            <ValueType>User</ValueType>
            <Value />
            <SheetNumber>1</SheetNumber>
            <CellName />
          </ProjectInfoSetting>
        </ProjectInfoList>
      </ProjectInfoSetting>
    </OutputProfile>
  </OutputProfileList>
</SettingDataOutput>