<?xml version="1.0"?>
<SettingDataUserItem xmlns:xsi="http://www.w3.org/2001/XMLSchema-instance" xmlns:xsd="http://www.w3.org/2001/XMLSchema">
  <ParameterList>
    <ParameterColumn>
      <ID>us00001</ID>
      <Name>ユーザー定義1</Name>
    </ParameterColumn>
    <ParameterColumn>
      <ID>us00002</ID>
      <Name>ユーザー定義2</Name>
    </ParameterColumn>
    <ParameterColumn>
      <ID>us00003</ID>
      <Name>ユーザー定義3</Name>
    </ParameterColumn>
    <ParameterColumn>
      <ID>us00004</ID>
      <Name>ユーザー定義4</Name>
    </ParameterColumn>
    <ParameterColumn>
      <ID>us00005</ID>
      <Name>ユーザー定義5</Name>
    </ParameterColumn>
    <ParameterColumn>
      <ID>us00006</ID>
      <Name>ユーザー定義6</Name>
    </ParameterColumn>
    <ParameterColumn>
      <ID>us00007</ID>
      <Name>ユーザー定義7</Name>
    </ParameterColumn>
    <ParameterColumn>
      <ID>us00008</ID>
      <Name>ユーザー定義8</Name>
    </ParameterColumn>
    <ParameterColumn>
      <ID>us00009</ID>
      <Name>ユーザー定義9</Name>
    </ParameterColumn>
    <ParameterColumn>
      <ID>us00010</ID>
      <Name>ユーザー定義10</Name>
    </ParameterColumn>
    <ParameterColumn>
      <ID>us00011</ID>
      <Name>ユーザー定義11</Name>
    </ParameterColumn>
    <ParameterColumn>
      <ID>us00012</ID>
      <Name>ユーザー定義12</Name>
    </ParameterColumn>
    <ParameterColumn>
      <ID>us00013</ID>
      <Name>ユーザー定義13</Name>
    </ParameterColumn>
    <ParameterColumn>
      <ID>us00014</ID>
      <Name>ユーザー定義14</Name>
    </ParameterColumn>
    <ParameterColumn>
      <ID>us00015</ID>
      <Name>ユーザー定義15</Name>
    </ParameterColumn>
    <ParameterColumn>
      <ID>us00016</ID>
      <Name>ユーザー定義16</Name>
    </ParameterColumn>
    <ParameterColumn>
      <ID>us00017</ID>
      <Name>ユーザー定義17</Name>
    </ParameterColumn>
    <ParameterColumn>
      <ID>us00018</ID>
      <Name>ユーザー定義18</Name>
    </ParameterColumn>
    <ParameterColumn>
      <ID>us00019</ID>
      <Name>ユーザー定義19</Name>
    </ParameterColumn>
    <ParameterColumn>
      <ID>us00020</ID>
      <Name>ユーザー定義20</Name>
    </ParameterColumn>
    <ParameterColumn>
      <ID>us00021</ID>
      <Name>ユーザー定義21</Name>
    </ParameterColumn>
    <ParameterColumn>
      <ID>us00022</ID>
      <Name>ユーザー定義22</Name>
    </ParameterColumn>
    <ParameterColumn>
      <ID>us00023</ID>
      <Name>ユーザー定義23</Name>
    </ParameterColumn>
    <ParameterColumn>
      <ID>us00024</ID>
      <Name>ユーザー定義24</Name>
    </ParameterColumn>
    <ParameterColumn>
      <ID>us00025</ID>
      <Name>ユーザー定義25</Name>
    </ParameterColumn>
    <ParameterColumn>
      <ID>us00026</ID>
      <Name>ユーザー定義26</Name>
    </ParameterColumn>
    <ParameterColumn>
      <ID>us00027</ID>
      <Name>ユーザー定義27</Name>
    </ParameterColumn>
    <ParameterColumn>
      <ID>us00028</ID>
      <Name>ユーザー定義28</Name>
    </ParameterColumn>
    <ParameterColumn>
      <ID>us00029</ID>
      <Name>ユーザー定義29</Name>
    </ParameterColumn>
    <ParameterColumn>
      <ID>us00030</ID>
      <Name>ユーザー定義30</Name>
    </ParameterColumn>
  </ParameterList>
</SettingDataUserItem>