<?xml version="1.0"?>
<SettingDataColumn xmlns:xsi="http://www.w3.org/2001/XMLSchema-instance" xmlns:xsd="http://www.w3.org/2001/XMLSchema">
  <ProcedureColumnList>
    <ColumnWidth>
      <ID>ex00001</ID>
      <Name>手続き名(詳細)</Name>
      <Width>80</Width>
    </ColumnWidth>
    <ColumnWidth>
      <ID>03001</ID>
      <Name>工具名</Name>
      <Width>80</Width>
    </ColumnWidth>
    <ColumnWidth>
      <ID>03031</ID>
      <Name>ｺｰﾅｰR</Name>
      <Width>80</Width>
    </ColumnWidth>
    <ColumnWidth>
      <ID>03058</ID>
      <Name>ﾎﾙﾀﾞ番号</Name>
      <Width>80</Width>
    </ColumnWidth>
    <ColumnWidth>
      <ID>30010</ID>
      <Name>最小有効長</Name>
      <Width>80</Width>
    </ColumnWidth>
    <ColumnWidth>
      <ID>00013</ID>
      <Name>ﾀﾞｳﾝｽﾃｯﾌﾟ</Name>
      <Width>80</Width>
    </ColumnWidth>
    <ColumnWidth>
      <ID>00026</ID>
      <Name>ｻｲﾄﾞｽﾃｯﾌﾟ</Name>
      <Width>80</Width>
    </ColumnWidth>
    <ColumnWidth>
      <ID>03201</ID>
      <Name>送り(mm/分)</Name>
      <Width>80</Width>
    </ColumnWidth>
    <ColumnWidth>
      <ID>03207</ID>
      <Name>主軸回転数</Name>
      <Width>80</Width>
    </ColumnWidth>
    <ColumnWidth>
      <ID>00055</ID>
      <Name>加工面ｵﾌｾｯﾄ</Name>
      <Width>80</Width>
    </ColumnWidth>
    <ColumnWidth>
      <ID>00057</ID>
      <Name>加工面公差</Name>
      <Width>80</Width>
    </ColumnWidth>
    <ColumnWidth>
      <ID>30013</ID>
      <Name>最小Z</Name>
      <Width>80</Width>
    </ColumnWidth>
    <ColumnWidth>
      <ID>30008</ID>
      <Name>手続きｺﾒﾝﾄ</Name>
      <Width>80</Width>
    </ColumnWidth>
    <ColumnWidth>
      <ID>30021</ID>
      <Name>切削送り動作時間</Name>
      <Width>80</Width>
    </ColumnWidth>
    <ColumnWidth>
      <ID>30019</ID>
      <Name>早送り動作時間</Name>
      <Width>80</Width>
    </ColumnWidth>
    <ColumnWidth>
      <ID>us00001</ID>
      <Name>ユーザー定義1</Name>
      <Width>80</Width>
    </ColumnWidth>
    <ColumnWidth>
      <ID>30020</ID>
      <Name>最大切削送り動作時間</Name>
      <Width>80</Width>
    </ColumnWidth>
    <ColumnWidth>
      <ID>us00002</ID>
      <Name>ユーザー定義2</Name>
      <Width>80</Width>
    </ColumnWidth>
  </ProcedureColumnList>
  <ToolColumnList />
</SettingDataColumn>