<?xml version="1.0"?>
<SettingDataGeneral xmlns:xsi="http://www.w3.org/2001/XMLSchema-instance" xmlns:xsd="http://www.w3.org/2001/XMLSchema">
  <WindowSize>
    <Width>1326</Width>
    <Height>814</Height>
  </WindowSize>
  <WindowLocation>
    <X>67</X>
    <Y>8</Y>
  </WindowLocation>
  <HideColumnNoToolPath>false</HideColumnNoToolPath>
  <DeleteTempFile>true</DeleteTempFile>
  <OpenFileAfterOutput>true</OpenFileAfterOutput>
  <SaveColumnWidth>true</SaveColumnWidth>
  <ColumnClickSort>false</ColumnClickSort>
  <TimeType>HHMMSS</TimeType>
  <MultiCutterDivide>true</MultiCutterDivide>
  <AutoDrillDivide>true</AutoDrillDivide>
  <DrillDivideType>Tool</DrillDivideType>
  <SaveFilterIndex>6</SaveFilterIndex>
  <SaveExcelProfileIndex>0</SaveExcelProfileIndex>
  <ProcedureProfileIndex>0</ProcedureProfileIndex>
  <ToolProfileIndex>0</ToolProfileIndex>
</SettingDataGeneral>