<?xml version="1.0"?>
<SettingDataProject xmlns:xsi="http://www.w3.org/2001/XMLSchema-instance" xmlns:xsd="http://www.w3.org/2001/XMLSchema">
  <ProviderInfo />
  <ProjectInfo>
    <NCReportProjectInfo>
      <ValueType>FilePath</ValueType>
      <Name>プロジェクト名:</Name>
      <Value />
    </NCReportProjectInfo>
    <NCReportProjectInfo>
      <ValueType>User</ValueType>
      <Name>コメント:</Name>
      <Value />
    </NCReportProjectInfo>
    <NCReportProjectInfo>
      <ValueType>User</ValueType>
      <Name>機械名:</Name>
      <Value />
    </NCReportProjectInfo>
    <NCReportProjectInfo>
      <ValueType>Date</ValueType>
      <Name>日付:</Name>
      <Value />
    </NCReportProjectInfo>
    <NCReportProjectInfo>
      <ValueType>FileName</ValueType>
      <Name>ファイル名:</Name>
      <Value />
    </NCReportProjectInfo>
    <NCReportProjectInfo>
      <ValueType>Unit</ValueType>
      <Name>ファイル単位:</Name>
      <Value />
    </NCReportProjectInfo>
    <NCReportProjectInfo>
      <ValueType>User</ValueType>
      <Name>備考:</Name>
      <Value />
    </NCReportProjectInfo>
  </ProjectInfo>
</SettingDataProject>